null{"title":"freshmarket BANANA (LB)","price":"HK$5.90"}
{"title":"freshmarket LEMON (EACH)","price":"HK$5.60"}
{"title":"freshmarket BLUEBERRIES 125G (PACK)","price":"HK$14.90"}
{"title":"freshmarket AVOCADO (EACH)","price":"HK$10.90"}
{"title":"freshmarket ORANGES 8'S (PACK)","price":"HK$22.90"}
{"title":"freshmarket NEW ZEALAND PREPACK GALA APPLE 8PC","price":"HK$18.90"}
{"title":"freshmarket BELGIUM CONFERENCE PEAR (TRUVAL) (EACH)","price":"HK$3.50"}
{"title":"freshmarket PACKHAM PEAR (EACH)","price":"HK$4.50"}
{"title":"freshmarket ORANGES 5'S (PACK)","price":"HK$18.90"}
{"title":"freshmarket GOLDEN PINEAPPLE (EACH)","price":"HK$20.90"}
{"title":"freshmarket EXTRA LARGE GRAPEFRUIT (EACH)","price":"HK$10.90"}
{"title":"freshmarket GOLDEN PEAR (EACH)","price":"HK$4.80"}
{"title":"freshmarket GRANNY SMITH APPLES (EACH)","price":"HK$5.90"}
{"title":"freshmarket CHINA SHANDONG APPLE (EACH)","price":"HK$4.50"}
{"title":"freshmarket THAI POMELO (EACH)","price":"HK$26.90"}
{"title":"freshmarket CHINA CHILLED SESAME CHICKEN","price":"HK$36.90"}
{"title":"freshmarket JAZZ APPLE (EACH)","price":"HK$8.90"}
{"title":"freshmarket SEEDLESS GREEN GRAPE (SOUTH AFRICA/INDIA/CHILE)","price":"HK$18.90"}
{"title":"freshmarket FRESH BLACK FIG (PACK)","price":"HK$26.90"}
{"title":"freshmarket DRAGON FRUIT (EACH)","price":"HK$5.30"}
{"title":"freshmarket RED DELICIOUS APPLE (EACH)","price":"HK$4.90"}
{"title":"freshmarket JUMBO RED DEL APPLES (EACH)","price":"HK$5.90"}
{"title":"freshmarket IMPORTED ROYAL GALA APPLES (EACH)","price":"HK$5.20"}
{"title":"freshmarket SEEDLESS RED GRAPE (SOUTH AFRICA)","price":"HK$16.90"}
{"title":"freshmarket SEEDLESS BLACK GRAPE (SOUTH AFRICA/INDIA)","price":"HK$19.90"}
{"title":"freshmarket YA PEARS (EACH)","price":"HK$2.80"}
{"title":"freshmarket RED GRAPES (CHILE/PERU)","price":"HK$13.90"}
{"title":"SUNKIST XL ORANGE (USA)","price":"HK$6.90"}
{"title":"freshmarket ZESPRI GOLD KIWI FRUIT (EACH)","price":"HK$6.50"}
{"title":"freshmarket ZESPRI NEW ZEALAND GREEN KIWI (EACH)","price":"HK$3.20"}
{"title":"freshmarket AUSTRALIA NEW POTATOES 2 LB PACK","price":"HK$39.90"}
{"title":"freshmarket AUSTRALIA CARROT 2LB (PACK)","price":"HK$11.90"}
{"title":"freshmarket RED ONION 1LB PACK","price":"HK$28.90"}
{"title":"freshmarket BROCCOLI (EACH)","price":"HK$4.50"}
{"title":"freshmarket USA BAKING POTATOES 2LB PACK","price":"HK$14.90"}
{"title":"freshmarket IMPORT HARICOT BEAN 150G (PACK)","price":"HK$22.90"}
{"title":"桂格 Quaker Oatmeal Squares Flavor","price":"HK$27.90"}
{"title":"RUDE HEALTH BEETROOT BAR","price":"HK$16.00"}
{"title":"KELLOGG'S SPECIAL K","price":"HK$45.90"}
{"title":"RUDE HEALTH PEANUT BAR","price":"HK$16.00"}
{"title":"BAKER'S CHOICE DARK RYE PUMPKIN SEED 8SLICES","price":"HK$14.90"}
{"title":"KELLOGG'S SPECIAL K","price":"HK$29.90"}
{"title":"RUDE HEALTH PUMPKIN BAR","price":"HK$16.00"}
{"title":"KELLOGG'S SPECIAL K","price":"HK$27.90"}
{"title":"KELLOGG'S SPECIAL K RED BERRY","price":"HK$45.90"}
{"title":"KELLOGG'S SPECIAL K FRUIT & YOGHURT","price":"HK$45.90"}
{"title":"KELLOGG'S SPECIAL K VANILLA ALMOND","price":"HK$45.90"}
{"title":"KELLOGG'S SPECIAL K OATS & HONEY","price":"HK$45.90"}
{"title":"MIDI FARCIFRAGOLA CAKE (STRAWBERRY)","price":"HK$13.90"}
{"title":"MIDI FARCIKAO LAYER CAKE(COCOA FLV)","price":"HK$13.90"}
{"title":"MIDI FARCIMILK LAYER CAKE (MILK)","price":"HK$13.90"}
{"title":"MIDI FARCINOCCIOLA CAKE(HAZELNUT)","price":"HK$13.90"}
{"title":"MIDI CROISSANT CIOCCOLATO","price":"HK$15.90"}
{"title":"FUDO LAYER CAKE VANILLA FLAVOR","price":"HK$20.90"}
{"title":"FUDO LAYER CAKE CHOCOLATE FLAVOR","price":"HK$20.90"}
{"title":"FUDO LAYER CAKE TIRAMISU FLAVOR","price":"HK$20.90"}
{"title":"FUDO LAYER CAKE BANANA FLAVOR","price":"HK$20.90"}
{"title":"EDO PACK DORAYAKI MANJU RED BEAN CAKE","price":"HK$28.90"}
{"title":"EDO PACK CHOCOPIE","price":"HK$11.90"}
{"title":"LONDON STRAWBERRY FLAVOUR SWISS ROLL","price":"HK$21.90"}
{"title":"LONDON BLUEBERRY FLAVOUR SWISS ROLL","price":"HK$21.90"}
{"title":"LONDON SWISS ROLL MANGO FLV","price":"HK$19.90"}
{"title":"LONDON SWISS ROLL MILK FLV","price":"HK$19.90"}
{"title":"RUDE HEALTH SUPER FRUITY MUESLI","price":"HK$55.00"}
{"title":"ST MICHEL MADELEINES CAKE MINI","price":"HK$19.90"}
{"title":"RUDE HEALTH NO FLAMIN' RAISINS MUESLI","price":"HK$65.00"}
{"title":"ST MICHEL MADELEINES CAKE","price":"HK$35.50"}
{"title":"MARUKIN MUFFIN CAKE","price":"HK$12.90"}
{"title":"RUDE HEALTH COCONUT & SEED MUESLI (GLUTEN-FREE)","price":"HK$70.00"}
{"title":"EM CHIA SEEDS","price":"HK$148.00"}
{"title":"EM ORGANIC CHIA SEEDS","price":"HK$98.00"}
{"title":"EM ORGANIC CHIA SEEDS","price":"HK$128.00"}
{"title":"EM CHIA SEEDS","price":"HK$98.00"}
{"title":"GPHOENIX THAI HOM MALI FRAGRANT RICE","price":"HK$109.90"}
{"title":"SUPREME IMP. BANQUET PREMIUM THAI HOM MALI RICE","price":"HK$99.90"}
{"title":"GPHOENIX PREMIUM THAI HOM MALI RICE (NEW CROP)","price":"HK$75.90"}
{"title":"GELEPHANT PREMIUM JASMINE RICE","price":"HK$77.90"}
{"title":"GELEPHANT PREMIUM JASMINE RICE","price":"HK$56.90"}
{"title":"GELEPHANT PREMIUM JASMINE RICE","price":"HK$146.90"}
{"title":"GPHOENIX THAI HOM MALI FRAGRANT RICE","price":"HK$69.90"}
{"title":"GPHOENIX THAI HOM MALI FRAGRANT RICE","price":"HK$202.00"}
{"title":"GPHOENIX THAI HOM MALI FRAGRANT RICE","price":"HK$34.90"}
{"title":"GPHOENIX BROWN JASMINE RICE","price":"HK$32.80"}
{"title":"GPHOENIX RED RICE","price":"HK$34.90"}
{"title":"GPHOENIX ORGANIC BROWN JASMINE RICE","price":"HK$52.90"}
{"title":"GPHOENIX ORGANIC HEALTHY MIXED RICE","price":"HK$56.90"}
{"title":"TUSCAN TOMATO BASIL PASTA SAUCE","price":"HK$29.70"}
{"title":"IMP. BANQUET PREMIUM THAI FRAGRANT RICE","price":"HK$92.90"}
{"title":"IMP. BANQUET PREMIUM THAI FRAGRANT RICE","price":"HK$79.90"}
{"title":"IMP. BANQUET PREMIUM THAI FRAGRANT RICE","price":"HK$138.90"}
{"title":"IMP. BANQUET PREMIUM THAI FRAGRANT RICE","price":"HK$69.90"}
{"title":"IMP. BANQUET PREMIUM THAI FRAGRANT RICE","price":"HK$34.90"}
{"title":"IMP. BANQUET PREMIUM THAI FRAGRANT RICE","price":"HK$20.90"}
{"title":"IMP. BANQUET RED RICE","price":"HK$49.90"}
{"title":"IMP. BANQUET RED RICE","price":"HK$24.90"}
{"title":"IMP. BANQUET HEALTHY MIXED RICE","price":"HK$89.90"}
{"title":"IMP. BANQUET THAI HEALTHY MIXED RICE","price":"HK$56.90"}
{"title":"TUSCAN SPICY TOMATO PASTA SAUCE","price":"HK$29.70"}
{"title":"IMP. BANQUET THAI BROWN RICE","price":"HK$26.90"}
{"title":"IMP. BANQUET GLUTINOUS RICE","price":"HK$36.90"}
{"title":"IMP. BANQUET BLACK GLUTINOUS RICE","price":"HK$29.90"}
{"title":"IMP. BANQUET PREMIUM VIETNAMESE FRAGRANT RICE","price":"HK$74.90"}
{"title":"IMP. BANQUET PREMIUM VIETNAMESE FRAGRANT RICE","price":"HK$53.90"}
{"title":"GARDEN MALKIST PORTION","price":"HK$26.50"}
{"title":"GARDEN MALKIST CRACKERS","price":"HK$9.80"}
{"title":"CALBEE ETHNICANS POTATO CHIPS","price":"HK$15.90"}
{"title":"GARDEN LEMON PUFF PORTION","price":"HK$26.50"}
{"title":"CALBEE HOT&SPICY FLV WAVE CUT P CHIP","price":"HK$24.90"}
{"title":"GARDEN LEMON PUFF","price":"HK$9.80"}
{"title":"CALBEE HOT&SPICY POTATO CHIPS BIG PK","price":"HK$24.90"}
{"title":"GARDEN MINI WAFER TRAY PACK","price":"HK$24.80"}
{"title":"GARDEN MINI CREAM WAFERS CHOCOLATE FLV","price":"HK$24.80"}
{"title":"GARDEN MINI CREAM WAFERS PEANUT FLV","price":"HK$24.80"}
{"title":"GARDEN MINT CRUNCH","price":"HK$32.90"}
{"title":"CALBEE POTATO CHIPS-BBQ","price":"HK$15.90"}
{"title":"GARDEN MINI CREAM WAFERS-STRAW FLAVOR","price":"HK$24.80"}
{"title":"GARDEN MIXED FRUIT DROP","price":"HK$22.90"}
{"title":"GARDEN MINI WAFER TRAY PACK LEMON FLV","price":"HK$24.80"}
{"title":"CALBEE BBQ FLV WAVE CUT P CHIP (MEGA)","price":"HK$24.90"}
{"title":"GARDEN LEMON FLAVOUR WAFER","price":"HK$6.90"}
{"title":"CALBEE BBQ FLV POTATO CHIPS BIG PACK","price":"HK$24.90"}
{"title":"GARDEN CHOCOLATE WAFER","price":"HK$6.90"}
{"title":"GARDEN PEANUT WAFER","price":"HK$6.90"}
{"title":"EM ORGANIC CACAO POWDER UNROASTED & COLD PRESSED","price":"HK$128.00"}
{"title":"RUDE HEALTH ORGANIC ULTIMATE ALMOND DRINK","price":"HK$55.00"}
{"title":"EVIAN BOTTLED WATER","price":"HK$135.00"}
{"title":"IF iF Local Sensation 100% coconut water (350mL)","price":"HK$10.90"}
{"title":"LUK YU CHINESE TEABAGS-PU ERH","price":"HK$40.00"}
{"title":"NESCAFE GOLD BLEND","price":"HK$79.90"}
{"title":"NESCAFE Regular Coffee","price":"HK$39.90"}
{"title":"OVALTINE NUTRITIONAL MALTED MILK","price":"HK$72.90"}
{"title":"PAULS PAULS PURE MILK UHT EXPORT 4X6X250ML","price":"HK$35.00"}
{"title":"PENFOLDS KOONUNGA HILL SHIRAZ","price":"HK$159.00"}
{"title":"ASAHI Beer Can 12'S","price":"HK$99.50"}
{"title":"COCA-COLA Coca-Cola","price":"HK$39.90"}
{"title":"EVIAN BOTTLED WATER","price":"HK$120.00"}
{"title":"GEKKEIKAN Kishu Nanko Umeshu 720ml","price":"HK$269.50"}
{"title":"LUK YU CHINESE TEABAGS-PU ERH","price":"HK$11.60"}
{"title":"NESCAFE NESCAFE GOLD BLEND","price":"HK$69.90"}
{"title":"NESCAFE NESCAFE RICH 6P","price":"HK$39.90"}
{"title":"OVALTINE NUTRITIONAL MALTED MILK VP","price":"HK$36.90"}
{"title":"PAULS PAULS PURE MILK UHT H/KONG EXPORT 12X1L","price":"HK$20.90"}
{"title":"PENFOLDS KOONUNGA HILL SHZ CAB","price":"HK$159.00"}
{"title":"ASAHI Beer Can 6'S","price":"HK$54.90"}
{"title":"COCA-COLA Coca-Cola","price":"HK$28.00"}
{"title":"LUK YU CHINESE TEABAGS-JASMINE","price":"HK$41.50"}
{"title":"NESCAFE Full Roast Coffee","price":"HK$39.90"}
{"title":"NESTLE NESCAFE GOLD BLEND EDEN DECAF","price":"HK$85.90"}
{"title":"OVALTINE 3 IN 1 NUTRITIONAL MALTED MILK","price":"HK$36.90"}
{"title":"PAULS PAULS PURE MILK UHT EXPORT 4X3X1L HK","price":"HK$38.00"}
{"title":"PENFOLDS KOONUNGA HILL CHARDONNAY","price":"HK$159.00"}
{"title":"COCA-COLA Coca-Cola","price":"HK$19.90"}
{"title":"EVIAN FREE RIDE BOTTLED WATER","price":"HK$89.90"}
{"title":"JAX COCO 100 PURE COCONUT WATER","price":"HK$19.90"}
{"title":"LUK YU CHINESE TEABAGS-JASMINE","price":"HK$11.60"}
{"title":"NESCAFE Smoovlatte","price":"HK$24.50"}
{"title":"OVALTINE NUTRITIONAL MALTED MILK","price":"HK$45.90"}
{"title":"PAULS PAULS SKIMMED MILK UHT EXPORT 4X6X250ML","price":"HK$35.00"}
{"title":"PNS PREMIUM CHEDDAR CHEESE (CUT)","price":"HK$32.90"}
{"title":"PNS PREMIUM EDAM CHEESE (CUT)","price":"HK$46.70"}
{"title":"BEEHIVE PEPPERED HAM","price":"HK$27.90"}
{"title":"加利奧 Parma Ham Slice","price":"HK$53.90"}
{"title":"JOHNSONVILLE BEDDAR W/CHEDDAR SMOKED SAUSAGE","price":"HK$52.90"}
{"title":"JOHNSONVILLE HOT AND SPICY SAUSAGE","price":"HK$52.90"}
{"title":"JOHNSONVILLE COOKED BRATWURST","price":"HK$52.90"}
{"title":"MAID HONEY COCKTAIL SAUSAGE","price":"HK$34.90"}
{"title":"OSCAR MAYER WIENERS SAUSAGE","price":"HK$58.90"}
{"title":"VISMARA PANCETTA CUBE","price":"HK$48.90"}
{"title":"DELICIOUS SALT ROASTED CHICKEN","price":"HK$48.90"}
{"title":"ROYAL BUN FRAGRANT WHEAT STEAMED BUN","price":"HK$9.90"}
{"title":"ROYAL BUN SLICED MILK STEAMED BUNS","price":"HK$9.90"}
{"title":"ROYAL SIU MEI SALTED CHICKEN COOKED","price":"HK$49.90"}
{"title":"T & T JUICY XIAO LONG BUN","price":"HK$16.50"}
{"title":"HOKKAIDO HOKKAIDO MILK 3.6","price":"HK$14.50"}
{"title":"ECO BARN EGGS","price":"HK$69.90"}
{"title":"DANAEG ORGANIC FRUIT PLANTATION EGGS","price":"HK$40.90"}
{"title":"ECO ORGANIC EGGS","price":"HK$99.90"}
{"title":"ECO FREE RANGE EGGS","price":"HK$79.90"}
{"title":"ECO FREE RANGE EGGS","price":"HK$39.90"}
{"title":"ECO ORGANIC EGGS","price":"HK$54.90"}
{"title":"FARMER BROWN ORGANIC EGGS","price":"HK$46.90"}
{"title":"DANAEG FREE RANGE EGGS","price":"HK$32.90"}
{"title":"SELECT DENMARK FRESH ORGANIC EGGS","price":"HK$33.90"}
{"title":"SELECT MALAYSIAN OMEGA 3 EGGS (XL)","price":"HK$29.90"}
{"title":"GLEN PARK FREE RANGE EGGS","price":"HK$48.90"}
{"title":"NONG JIA WANG CHINA FRESH BROWN EGGS (XL)","price":"HK$24.90"}
{"title":"DOLL MINI GLUTINOUS RICE DUMPLING","price":"HK$12.50"}
{"title":"DOLL BARBECUED PORK CHEONG FUN","price":"HK$12.50"}
{"title":"DOLL CHIU CHOW DUMPLING","price":"HK$12.50"}
{"title":"DOLL SHRIMP CHEONG FUN","price":"HK$12.50"}
{"title":"DOLL BLACK PEPPER DIM SUM ASSORTMENT","price":"HK$12.50"}
{"title":"DOLL RICE FLOUR ROLL W/CHICKEN MUSHROOM","price":"HK$12.50"}
{"title":"DOLL MINI SPRING ROLL","price":"HK$14.90"}
{"title":"DOLL JAPANESE GYOZA","price":"HK$12.50"}
{"title":"DOLL SHRIMP WONTON","price":"HK$12.50"}
{"title":"AMOY PREMIUM HARGOW","price":"HK$12.90"}
{"title":"AMOY SHRIMP SHOAMAI","price":"HK$12.90"}
{"title":"AMOY FISH SHAOMAI","price":"HK$14.50"}
{"title":"AMOY BEEF BALL","price":"HK$12.90"}
{"title":"AMOY SHRIMP & CHIVE DUMPLING","price":"HK$12.90"}
{"title":"AMOY RADISH CAKE","price":"HK$12.90"}
{"title":"AMOY GLUTINOUS RICE DUMPLING","price":"HK$12.90"}
{"title":"freshmarket FROZEN NORWEGIAN ATLANIC SALMON STEAK","price":"HK$39.90"}
{"title":"freshmarket FROZEN GREENLAND HALIBUT STEAKS (BW)","price":"HK$39.90"}
{"title":"AMOY MUSHROOM & CHICKEN SHAOMAI","price":"HK$12.90"}
{"title":"AMOY JAPANESE ONE-BITE POTSTICKER","price":"HK$14.50"}
{"title":"freshmarket FROZEN SNUBNOSE POMPANO(FISH)","price":"HK$17.90"}
{"title":"AMOY JAPANESE STYLE POTSTICKER","price":"HK$12.90"}
{"title":"freshmarket FROZEN WHITE SHRIMP (WILD CATCH)","price":"HK$46.90"}
{"title":"AMOY CHAR SIU BUN","price":"HK$12.90"}
{"title":"freshmarket FROZEN YESSO SCALLOP MEAT.","price":"HK$108.00"}
{"title":"AMOY EGG CUSTARD BUN","price":"HK$12.90"}
{"title":"AMOY JAP. STYLE PAN-FRIED BUN","price":"HK$12.90"}
{"title":"EATWELL FISH SHAO MAI","price":"HK$16.90"}
{"title":"DANISH CROWN DANISH PORK BONELESS COLLAR CHOP","price":"HK$40.90"}
{"title":"EATWELL NAN XIANG XIAO LONG BAO","price":"HK$16.90"}
{"title":"EATWELL MINI GLUTINOUS RICE DUMPLING","price":"HK$16.90"}
{"title":"SYNEAR XIAO LONG BAO","price":"HK$24.90"}
{"title":"DANPO DANISH CHICKEN FILLET","price":"HK$69.90"}
{"title":"SYNEAR DEEP-FRIED DOUGH STICKS","price":"HK$26.90"}
{"title":"FOUR SEAS FISH SHAOMAI","price":"HK$9.90"}
{"title":"TSING TAO XIAO LONG BAO","price":"HK$10.90"}
{"title":"BUDS CHILDREN'S TOOTHPASTE WITH XYLITOL - GREEN APPLE","price":"HK$70.00"}
{"title":"BUDS CHILDREN'S TOOTHPASTE WITH XYLITOL - BLACKCURRANT","price":"HK$70.00"}
{"title":"BUDS CHILDREN'S TOOTHPASTE WITH XYLITOL - STRAWBERRY","price":"HK$70.00"}
{"title":"BUDS CHILDREN'S TOOTHPASTE WITH XYLITOL - PEPPERMINT","price":"HK$70.00"}
{"title":"BUDS CHILDREN'S TOOTHPASTE WITH FLUORIDE - GREEN APPLE","price":"HK$70.00"}
{"title":"BUDS CHILDREN'S TOOTHPASTE WITH FLUORIDE - BLACKCURRANT","price":"HK$70.00"}
{"title":"BUDS CHILDREN'S TOOTHPASTE WITH FLUORIDE - STRAWBERRY","price":"HK$70.00"}
{"title":"BUDS CHILDREN'S TOOTHPASTE WITH FLUORIDE - PEPPERMINT","price":"HK$70.00"}
{"title":"SWIMAVA DELUXE BABY HOME SPA","price":"HK$1,100.00"}
{"title":"SWIMAVA PETIT COMPACT BABY HOME SPA","price":"HK$950.00"}
{"title":"SCHOLL Velvet Smooth (Valenka) Gadget","price":"HK$360.90"}
{"title":"GILLETTE FUSION PROSHIELD BASE RAZOR","price":"HK$129.90"}
{"title":"GILLETTE FUSION PROSHIELD CHILL RAZOR","price":"HK$129.90"}
{"title":"HACICA DEEP MOIST SHAMPOO 1.0","price":"HK$88.00"}
{"title":"HACICA DEEP REPAIR SHAMPOO 1.0","price":"HK$88.00"}
{"title":"HACICA DEEP MOIST HAIR TREATMENT 2.0","price":"HK$88.00"}
{"title":"HACICA DEEP REPAIR HAIR TREATMENT 2.0","price":"HK$88.00"}
{"title":"HACICA DEEP MOIST HEAD SPA HAIR PACK 1.5","price":"HK$58.00"}
{"title":"HACICA DEEP REPAIR BOOSTER HAIR PACK 1.5","price":"HK$58.00"}
{"title":"BOTANIST SHAMPOO MOIST-APRICOT+JASMINE","price":"HK$118.00"}
{"title":"BOTANIST TREATMENT SMOOTH-APPLE & BERRY","price":"HK$118.00"}
{"title":"BOTANIST TREATMENT MOIST-APPLE & BERRY","price":"HK$118.00"}
{"title":"AHALO BUTTER RICH MOIST SHAMPOO","price":"HK$69.90"}
{"title":"AHALO BUTTER PREMIUM SCALP SHAMPOO","price":"HK$69.90"}
{"title":"AHALO BUTTER RICH MOIST TREATMENT","price":"HK$69.90"}
{"title":"AHALO BUTTER PREMIUM SCALP TREATMENT","price":"HK$69.90"}
{"title":"AHALO BUTTER RICH MOIST HAIR MASK","price":"HK$69.90"}
{"title":"AHALO BUTTER PREMIUM SCALP HAIR MASK","price":"HK$69.90"}
{"title":"TSUBAKI EXTRA MOIST SH+CN PACK","price":"HK$99.90"}
{"title":"TSUBAKI TBK VOLUME TOUCH SH+CN PURPLE","price":"HK$99.90"}
{"title":"TSUBAKI TBK DAMAGE CARE SH+CN WHITE","price":"HK$99.90"}
{"title":"TSUBAKI Extra Moist Conditioner 500ml","price":"HK$79.90"}
{"title":"AYURBIO MOIST EX HAIR MASK","price":"HK$59.90"}
{"title":"RYOE ANTI HAIR LOSS SH -SENSITIVE","price":"HK$119.90"}
{"title":"RYOE ANTI HAIR LOSS SH-NEUTRAL/ DRY","price":"HK$119.90"}
{"title":"RYOE ANTI-AGING SH-NORMAL/DRY SCALP","price":"HK$119.90"}
{"title":"RYOE ANTI-AGING SH-OILY SCALP","price":"HK$99.90"}
{"title":"RYOE DAMAGE CARE SHAMPOO","price":"HK$99.90"}
{"title":"RYOE SCALP DEEP CLEANSING SHAMPOO","price":"HK$99.90"}
{"title":"RYOE HAIR ROOTS INTENSION SHAMPOO","price":"HK$99.90"}
{"title":"RYOE EVENING PRIMROSE SCALP&VOLUME SH","price":"HK$59.90"}
{"title":"RYOE CHRYSANTHEMUM SCALP&MOIST SH","price":"HK$59.90"}
{"title":"RYOE CALAMUS SCALP & SHINING SH","price":"HK$59.90"}
{"title":"RYOE EVENING PRIMROSE SCALP&VOLUME CN","price":"HK$59.90"}
{"title":"RYOE CHRYSANTHEMUM SCALP&MOIST CN","price":"HK$59.90"}
{"title":"RYOE CALAMUS SCALP & SHINING CN","price":"HK$59.90"}
{"title":"CASTLE SUPER CONC. LAUNDRY DET. LEMON","price":"HK$33.90"}
{"title":"CASTLE SUPER CONC. LAUNDRY DET. COLOR","price":"HK$33.90"}
{"title":"CASTLE NON-BIO CONCENTRATED DETERGENT","price":"HK$33.90"}
{"title":"CASTLE SUPER CONC LAUD DETERGENT LIME","price":"HK$33.90"}
{"title":"VIRJOY ROYAL TOILET ROLL","price":"HK$36.90"}
{"title":"VINDA CLASSIC BLUE TOILET ROLL","price":"HK$36.50"}
{"title":"C&S ULTRA TOILET ROLL","price":"HK$32.90"}
{"title":"ANDREX Andrex Moist Bath Tissue 40s Refill","price":"HK$15.90"}
{"title":"ANDREX Andrex Moist Bath Tissue 10s","price":"HK$6.90"}
{"title":"C&S LUXURY BATHROOM TISSUE","price":"HK$38.90"}
{"title":"C&S GREENIE 4PLY TOILET ROLL 12'S","price":"HK$28.90"}
{"title":"SCOTT ECONOMY 3 PLY BATHROOM TISSUE","price":"HK$30.90"}
{"title":"TEMPO BATHROOM TISSUE 3 PLY JASMINE","price":"HK$36.90"}
{"title":"TEMPO BATHROOM TISSUE 3PLY APPLEWOOD","price":"HK$36.90"}
{"title":"TEMPO BATHROOM TISSUE 3 PLY NEUTRAL","price":"HK$36.90"}
{"title":"BEST BUY TOILET ROLL 10'S","price":"HK$18.00"}
{"title":"HEARTTEX EXTRA SOFT BATHROOM TISSUE3PLY","price":"HK$25.90"}
{"title":"HEARTTEX EXTRASOFT BATHROOM TISSUE1900G","price":"HK$28.90"}
{"title":"SCOTT KITCHEN TOWEL 9INCH","price":"HK$30.90"}
{"title":"SELECT BATHROOM TISSUE PRINTED &SCENT","price":"HK$32.90"}
{"title":"SELECT BATHROOM TISSUE WHITE","price":"HK$32.90"}
{"title":"SELECT BATHROOM TISSUE 200G","price":"HK$34.90"}
{"title":"SELECT BATHROOM TISSUE 200G","price":"HK$21.90"}
{"title":"SELECT BATHROOM TISSUE 4-PLY","price":"HK$29.90"}
{"title":"KLEENEX COTTONELLE BATHROOM TISSUE 12S","price":"HK$70.90"}
{"title":"V DELUXE 3-PLY OCEAN SCENT ROLL TISSUE","price":"HK$32.90"}
{"title":"PULPPY DELUXE 3PLY BATHROOM TISSUE","price":"HK$34.90"}
{"title":"MON PETIT GOLD GOLD GIFT SET - GENSEN TUNA","price":"HK$73.90"}
{"title":"MON PETIT GOLD GOLD GIFT SET - TUNA CRAB","price":"HK$73.90"}
{"title":"KAORI CHARCOAL DIAPER-SIZE S","price":"HK$110.00"}
{"title":"KAORI CHARCOAL DIAPER-SIZE M","price":"HK$110.00"}
{"title":"KAORI STRAWBERRY FLV DIAPER- SIZE S","price":"HK$110.00"}
{"title":"KAORI STRAWBERRY FLV DIAPER- SIZE M","price":"HK$110.00"}
{"title":"SELECT CAT LITTER","price":"HK$28.90"}
{"title":"SELECT SILICA GEL CRYSTAL CAT LITTER","price":"HK$42.90"}
{"title":"CATSAN CAT LITTER","price":"HK$26.50"}
{"title":"JONNY CAT CAT LITTER","price":"HK$35.30"}
{"title":"TIDY CATS TIDY CATS SCOOP","price":"HK$89.50"}
{"title":"CATSAN CAT LITTER","price":"HK$62.90"}
{"title":"TIDY CATS TIDY CATS LITTER","price":"HK$28.90"}
{"title":"FRESH STEP ODOR SHIELD SCOOPABLE LITTER","price":"HK$79.90"}
{"title":"VITAKRAFT MAGIC CLEAN","price":"HK$57.90"}
{"title":"CASINO SCENTED MINERAL CAT LITTER","price":"HK$87.50"}
{"title":"AKANE TOFU CAT LITTER","price":"HK$76.50"}
{"title":"MON PETIT GOLD CAT GOLD FLAKED TUNA","price":"HK$9.50"}
{"title":"MON PETIT GOLD CAT GOLD GENSEN TUNA","price":"HK$9.50"}
{"title":"MON PETIT GOLD CAT GOLD TUNA & WHITEBAIT","price":"HK$9.50"}
{"title":"MON PETIT GOLD CAT GOLD SEA BREAM","price":"HK$9.50"}
{"title":"MON PETIT GOLD CAT GOLD TUNA & CRABMEAT","price":"HK$9.50"}
{"title":"MON PETIT GOLD CAT GOLD TUNA & SHRIMP","price":"HK$9.50"}
{"title":"MON PETIT GOLD CAT GOLD DICED TUNA","price":"HK$9.50"}
{"title":"MON PETIT GOLD CAT GOLD GENSEN BONITO","price":"HK$9.50"}
{"title":"MON PETIT GRILLED CHICKEN","price":"HK$7.90"}
{"title":"MON PETIT SAVORY SALMON FEAST","price":"HK$7.90"}
{"title":"MON PETIT ORIGINAL TURKEY","price":"HK$7.90"}
{"title":"MON PETIT ORIGINAL WHITEFISH & TUNA","price":"HK$7.90"}
{"title":"MON PETIT CAT GRILLED TUNA","price":"HK$7.90"}
{"title":"MON PETIT GRILLED CHIX W CHEDDAR CHEESE","price":"HK$7.90"}
{"title":"MON PETIT CAT SOLE & SHRIMP","price":"HK$7.90"}
{"title":"MON PETIT GRILLED TUNA W CHEDDAR CHEESE","price":"HK$7.90"}
{"title":"MON PETIT ENSEMBLE TUNA SPINACH","price":"HK$7.90"}
{"title":"MON PETIT ENSEMBLE TUNA TOMATO","price":"HK$7.90"}
{"title":"SMARTECH INTELLIGENT MULTI COOKER","price":"HK$598.00"}
{"title":"SMARTECH SMART COOL - MINI COOLER & WARMER","price":"HK$398.00"}
{"title":"INNOTEC IC-3675-S AUTO 3D CIRCULATOR FAN","price":"HK$448.00"}
{"title":"INNOTEC IC-3643 AUTO 3D CIRCULATOR FAN","price":"HK$428.00"}
{"title":"INNOTEC MINI BOX FAN - MC","price":"HK$198.00"}
{"title":"INNOTEC MOBILE AIR COOLER","price":"HK$798.00"}
{"title":"GERMAN POOL DEHUMIDIFIER-COMPRESSOR TYPE","price":"HK$2,601.00"}
{"title":"GERMAN POOL CORDLESS TEM. CONTROL KETTLE","price":"HK$828.00"}
{"title":"GERMAN POOL MULTI-FUNCTIONAL RICE COOKER","price":"HK$1,467.00"}
{"title":"GERMAN POOL ELECTRIC HANDHELD VACUUMSEALER","price":"HK$333.00"}
{"title":"GERMAN POOL MULTIFUNCTIONAL HEALTH COOKER","price":"HK$1,359.00"}
{"title":"GERMAN POOL GIC-GS20P","price":"HK$873.00"}
{"title":"GERMAN POOL SLOW COOK CIRCULATOR SET","price":"HK$1,560.00"}
{"title":"GERMAN POOL 7L HALOGEN COOKING POT","price":"HK$976.00"}
{"title":"GERMAN POOL FREE-STANDING TABLETOP FAN","price":"HK$448.00"}
{"title":"CUISINTEC Cook Yummy","price":"HK$298.00"}
{"title":"CUISINTEC Bake Yummy","price":"HK$268.00"}
{"title":"CUISINTEC Multi Travel Cooker","price":"HK$238.00"}
{"title":"PROLUXURY TOASTER","price":"HK$139.00"}
{"title":"MITSUBISHI DEHUMIDIFIER MJ-E85EF","price":"HK$4,330.00"}
{"title":"MITSUBISHI DEHUMIDIFIER MJ-E130AL","price":"HK$5,030.00"}
{"title":"MITSUBISHI DEHUMIDIFIER MJ-E152AK","price":"HK$5,630.00"}
{"title":"CUISINTEC LED Glass Kettle","price":"HK$338.00"}
{"title":"CUISINTEC Mini Smart Cooker","price":"HK$358.00"}
{"title":"CUISINTEC Mini Rice Cooker","price":"HK$238.00"}
{"title":"CUISINTEC Blend & Go","price":"HK$198.00"}
{"title":"CUISINTEC Combi Blender","price":"HK$338.00"}
{"title":"CUISINTEC Soymilk and Soup Maker","price":"HK$598.00"}
{"title":"INNOTEC Mini Garment Steamer","price":"HK$298.00"}
{"title":"INNOTEC 自動蒸氣燙刷","price":"HK$368.00"}
{"title":"INNOTEC Fashion Steamer","price":"HK$448.00"}
{"title":"PROLUXURY VACUUM CLEANER","price":"HK$399.00"}
{"title":"PROLUXURY HAND VACUUM CLEANER","price":"HK$639.00"}
{"title":"PROLUXURY 4 SPEEDS HAND MIXER","price":"HK$199.00"}
{"title":"PROLUXURY HAND BLENDER","price":"HK$299.00"}
{"title":"PROLUXURY SMART COOKER 1.5L","price":"HK$429.00"}
{"title":"CAMPBELL WARM MAT CUSHION","price":"HK$168.00"}
{"title":"B&P PLASTIC HAIR STOPPER (M)","price":"HK$14.50"}
{"title":"KOUWA SHOWER CURTAIN 180X180CM","price":"HK$60.90"}
{"title":"KOUWA PEVA SHOWER CURTAIN 180x180cm","price":"HK$30.90"}
{"title":"KOUWA PEVA SHOWER CURTAIN 180x200cm","price":"HK$50.90"}
{"title":"RIMEI 3PCS HOOK","price":"HK$13.50"}
{"title":"RIMEI 3PCS HOOK","price":"HK$13.50"}
{"title":"SCOTCH BRITE DISPOSAL TOILET BOWL SCRUB-REF","price":"HK$36.50"}
{"title":"SCOTCH BRITE DISPOSAL TOILET BOWL SCRUB","price":"HK$30.90"}
{"title":"SELECT TOILET BRUSH SET BASIC","price":"HK$23.90"}
{"title":"VILEDA TOILET BRUSH SET","price":"HK$32.90"}
{"title":"GOOD MORNING WHITE FACE TOWEL 13X30INCH","price":"HK$16.90"}
{"title":"KAKI #3366 BATH TOWEL 130X65CM-BLUE","price":"HK$65.90"}
{"title":"KAKI #3366 BATH TOWEL 130X65CM-PINK","price":"HK$65.90"}
{"title":"KAKI #3166 FACE TOWEL 78X34CM-BLUE","price":"HK$29.90"}
{"title":"SELECT COTTON BATH TOWEL-GREEN","price":"HK$47.90"}
{"title":"SELECT COTTON BATH TOWEL-BLUE","price":"HK$47.90"}
{"title":"SELECT COTTON BATH TOWEL-PINK","price":"HK$47.90"}
{"title":"SELECT COTTON FACE TOWEL-BLUE","price":"HK$16.50"}
{"title":"SELECT COTTON WASH TOWEL-GREEN","price":"HK$9.90"}
{"title":"SELECT COTTON BATH TOWEL-YELLOW","price":"HK$47.90"}
{"title":"SELECT COTTON WASH TOWEL-BLUE","price":"HK$9.90"}
{"title":"SELECT COTTON FACE TOWEL-GREEN","price":"HK$16.50"}
{"title":"SELECT COTTON WASH TOWEL-YELLOW","price":"HK$9.90"}
{"title":"SELECT COTTON WASH TOWEL-PINK","price":"HK$9.90"}
{"title":"SELECT COTTON FACE TOWEL-PINK","price":"HK$16.50"}
{"title":"SELECT COTTON FACE TOWEL-YELLOW","price":"HK$16.50"}
{"title":"CASABLANCA WINTER BLANKET B.DUCK HAWAII","price":"HK$179.00"}
{"title":"CASABLANCA WINTER BLANKET B.DUCK FAIRY","price":"HK$175.00"}
{"title":"CASABLANCA COMFORT QUILT B.DUCK TOYS","price":"HK$155.00"}
{"title":"CASATINO CASSIA SEED-KAPOK PILLOW46X70CM","price":"HK$88.00"}
{"title":"CASATINO AROMA PILLOW 48X73CM","price":"HK$88.00"}
{"title":"CASATINO BLANKET DOUBLE K7146 180X200CM","price":"HK$90.00"}
{"title":"CASATINO VITEX-NEGUNDO PILLOW46X75CM","price":"HK$88.00"}
{"title":"CASATINO BLANKET DOUBLE K7148 180X200CM","price":"HK$90.00"}
{"title":"CASATINO BLANKET DOUBLE K7150 180X200CM","price":"HK$90.00"}
{"title":"GARMIN FORERUNNER 235 (TAIWAN VERSION)","price":"HK$2,799.00"}
{"title":"GARMIN FORERUNNER 235 (TAIWAN VERSION)","price":"HK$2,799.00"}
{"title":"GARMIN FORERUNNER 235 (TAIWAN VERSION)","price":"HK$2,799.00"}
{"title":"GARMIN FORERUNNER 35 (TAIWAN VERSION)","price":"HK$1,699.00"}
{"title":"GARMIN VIVOSMART HR+ (TAIWAN VERSION)","price":"HK$1,799.00"}
{"title":"GARMIN FORERUNNER 35 (TAIWAN VERSION)","price":"HK$1,699.00"}
{"title":"GARMIN VIVOSMART HR+ (TAIWAN VERSION)","price":"HK$1,799.00"}
{"title":"GARMIN VIVOSMART HR+ (TAIWAN VERSION)","price":"HK$1,799.00"}
{"title":"GARMIN VIVOACTIVE HR (TAIWAN VERSION)","price":"HK$2,299.00"}
{"title":"GARMIN VIVOMOVE CLASSIC","price":"HK$1,699.00"}
{"title":"GARMIN VIVOMOVE CLASSIC","price":"HK$1,699.00"}
{"title":"2XU PERFORMANCE RUN CALF SLEEVE - VIBRANT BLUE","price":"HK$390.00"}
{"title":"2XU PERFORMANCE RUN CALF SLEEVE - VIBRANT BLUE","price":"HK$390.00"}
{"title":"2XU PERFORMANCE RUN CALF SLEEVE - VIBRANT BLUE","price":"HK$390.00"}
{"title":"2XU PERFORMANCE RUN CALF SLEEVE - VIBRANT BLUE","price":"HK$390.00"}
{"title":"2XU PERFORMANCE RUN CALF SLEEVE - VIVID VIOLET/PURPLE DUSK","price":"HK$390.00"}
{"title":"2XU PERFORMANCE RUN CALF SLEEVE - VIVID VIOLET/PURPLE DUSK","price":"HK$390.00"}
{"title":"2XU PERFORMANCE RUN CALF SLEEVE - VIVID VIOLET/PURPLE DUSK","price":"HK$390.00"}
{"title":"2XU PERFORMANCE RUN CALF SLEEVE - VIVID VIOLET/PURPLE DUSK","price":"HK$390.00"}
{"title":"2XU RUN VISOR - COBALT BLUE","price":"HK$150.00"}
{"title":"2XU RUN VISOR - MOON GREY","price":"HK$150.00"}
{"title":"2XU RUN VISOR - RIO RED/INK","price":"HK$150.00"}
{"title":"2XU RUN CAP - BLACK","price":"HK$170.00"}
{"title":"2XU RUN CAP - COBALT BLUE","price":"HK$170.00"}
{"title":"2XU RUN CAP - RIO RED/INK","price":"HK$170.00"}
{"title":"2XU PERFORMANCE RUN CALF SLEEVE - CORAL ROSE/YELLOW","price":"HK$390.00"}
{"title":"2XU PERFORMANCE RUN CALF SLEEVE - CORAL ROSE/YELLOW","price":"HK$390.00"}
{"title":"2XU PERFORMANCE RUN CALF SLEEVE - CORAL ROSE/YELLOW","price":"HK$390.00"}
{"title":"2XU PERFORMANCE RUN CALF SLEEVE - TITANIUM/BLACK","price":"HK$390.00"}
{"title":"2XU PERFORMANCE RUN CALF SLEEVE - TITANIUM/BLACK","price":"HK$390.00"}
{"title":"2XU PERFORMANCE RUN CALF SLEEVE - TITANIUM/BLACK","price":"HK$390.00"}
{"title":"2XU PERFORMANCE RUN CALF SLEEVE - TITANIUM/BLACK","price":"HK$390.00"}
{"title":"PHILIPS PLC 13W 2P 840DL","price":"HK$32.90"}
{"title":"PHILIPS PLC 13W 2P 827WW","price":"HK$32.90"}
{"title":"PHILIPS PLC 18W 2P 827WW","price":"HK$46.50"}
{"title":"PHILIPS TORNADO 23W WW E27 3 PACK","price":"HK$120.90"}
{"title":"PHILIPS TORNADO 23W CDL E27 3PACK","price":"HK$120.90"}
{"title":"PHILIPS PLC 18W 2P 840DL","price":"HK$46.50"}
{"title":"PHILIPS AMBIANCE GLOBE 18W CDL B22","price":"HK$66.90"}
{"title":"PHILIPS AMBIANCE GLOBE 14W WW E27","price":"HK$58.90"}
{"title":"PHILIPS T3 TORNADO 20W WW B22","price":"HK$45.90"}
{"title":"PHILIPS T3 TORNADO 15W WW E27","price":"HK$45.90"}
{"title":"PHILIPS MINI TORNADO 12W WW E27","price":"HK$37.90"}
{"title":"PHILIPS MINI TORNADO 12W CDL E27","price":"HK$37.90"}
{"title":"PHILIPS CAPSULE HALO 20W G4","price":"HK$12.50"}
{"title":"PHILIPS GENIE 5W WW E14 TWIN PACK","price":"HK$48.20"}
{"title":"PHILIPS MINI TORNADO 8W WW E27","price":"HK$37.90"}
{"title":"PHILIPS GENIE 8W WW E14 TWIN PACK","price":"HK$48.20"}
{"title":"PHILIPS GENIE 8W CDL E14 TWIN PACK","price":"HK$48.20"}
{"title":"PHILIPS ESSENTIAL 23W E27 WW","price":"HK$43.50"}
{"title":"PHILIPS ESSENTIAL 23W E27CDL","price":"HK$43.50"}
{"title":"SELECT 20W GLOBE E27 COOL DAYLIGHT","price":"HK$40.90"}
{"title":"PHILIPS ＬＥＤ球膽９．５－７０Ｗ螺頭黃","price":"HK$45.00"}
{"title":"SELECT 3U 20W E27 DAY LIGHT-TWIN PACK","price":"HK$40.90"}
{"title":"SMARTECH INTELLIGENT MULTI COOKER","price":"HK$598.00"}
{"title":"SMARTECH SMART COOL - MINI COOLER & WARMER","price":"HK$398.00"}
{"title":"GERMAN POOL ELECTRONIC KITCHEN SCALE","price":"HK$296.00"}
{"title":"CUISINTEC Mini Food Steamer","price":"HK$238.00"}
{"title":"CUISINTEC BBQ Grill with Hot Stone + Takoyaki plate","price":"HK$338.00"}
{"title":"MEYER 16CM2QT. COVERED SAUCEPAN","price":"HK$191.00"}
{"title":"MEYER 18CM3QT. COVERED SAUCEPAN","price":"HK$223.00"}
{"title":"MEYER 20CM4QT. COVERED SAUCEPOT","price":"HK$263.00"}
{"title":"MEYER 24CM6.5QT. COVERED STOCKPOT","price":"HK$311.00"}
{"title":"MEYER 24CM8QT. COVERED STOCKPOT","price":"HK$343.00"}
{"title":"MEYER 26CM COVERED FRYPAN","price":"HK$271.00"}
{"title":"MEYER 30CM COVERED WOK SKILLET","price":"HK$343.00"}
{"title":"MEYER 36CM DEEP WOK WITH SSTEEL LID","price":"HK$431.00"}
{"title":"MEYER 40CM DEEP WOK WITH SSTEEL LID","price":"HK$479.00"}
{"title":"MEYER 18CM/2.8L COVERED SAUCEPAN","price":"HK$207.00"}
{"title":"MEYER OPEN CHEF'S PAN W SPOUTS 20CM","price":"HK$127.00"}
{"title":"MEYER OPEN CHEF'S PAN W SPOUTS 26CM","price":"HK$191.00"}
{"title":"MEYER 26CM / 5.2L COVERED CASSEROLE","price":"HK$295.00"}
{"title":"MEYER CHINESE WOK WITH LID 40CM","price":"HK$399.00"}
{"title":"SMARTECH SMART 2 IN 1 SLOW JUICER & ICE CREAM MAKER","price":"HK$198.00"}
{"title":"SELECT 26CM CASSEROLE WITH LID","price":"HK$139.90"}
{"title":"SELECT 26CM FRYPAN","price":"HK$109.90"}
{"title":"SELECT 32CM CHINESE WOK WITH LID","price":"HK$169.90"}
{"title":"GLAD FOIL TRAY-MEDIUM","price":"HK$34.90"}
{"title":"PALRON SQU.ALUM FOIL CONTAINER(3'S)","price":"HK$13.90"}
{"title":"PALRON ALL PURPOSE FOIL TRAY","price":"HK$12.90"}
{"title":"PALRON FOIL TRAY (W/PLASTIC LIDS)","price":"HK$21.90"}
{"title":"KOOL 360 HERB & PIZZA WHEEL","price":"HK$128.00"}
{"title":"KOOL SLIDEASY ADJUSTABLE MANDOLINE SLICER","price":"HK$128.00"}
{"title":"FOZZILS TWISTFOLD PARTY BOWL (3 TIER)","price":"HK$189.00"}
{"title":"FOZZILS TWISTFOLD PARTY PLATE (3 TIER)","price":"HK$189.00"}
{"title":"GIVI ROCOCO CUTLERY KNIFE","price":"HK$24.00"}
{"title":"CONTIGO PITCHER WITH INFUSERS","price":"HK$299.00"}
{"title":"DR.COOL ICE WRAP - RED","price":"HK$261.00"}
{"title":"DR.COOL ICE WRAP - PINK","price":"HK$261.00"}
{"title":"DR.COOL ICE WRAP - BANANA","price":"HK$261.00"}
{"title":"PJUR ACTIVE 2SKIN ANTI-CHAFING GEL","price":"HK$90.00"}
{"title":"PARIS GARDEN LAVENDER - ZINC OVAL WINDOWSILL","price":"HK$149.00"}
{"title":"PJUR ACTIVE 2SKIN ANTI-CHAFING GEL","price":"HK$152.00"}
{"title":"BODYGLIDE BODY GLIDE FOR HER","price":"HK$105.00"}
{"title":"BODYGLIDE SKIN GLIDE TUBE","price":"HK$125.00"}
{"title":"BODYGLIDE ANTI BLISTER & CHAFING STICK","price":"HK$125.00"}
{"title":"KT TAPE RECOVERY+ PATCHES FOR SWELLING & INFLAMMATION","price":"HK$80.00"}
{"title":"KT TAPE KT TAPE RECOVERY+ ICE/HEAT COMPRESSION THERAPY SYSTEM","price":"HK$400.00"}
{"title":"KT TAPE KINESIOLOGY TAPE PRO BLUE CRYSTALS LIMITED EDITION","price":"HK$190.00"}
{"title":"KT TAPE KINESIOLOGY TAPE PRO X BLACK","price":"HK$155.00"}
{"title":"PARIS GARDEN KITCHEN HERBS - ZINC OVAL WINDOWSILL","price":"HK$149.00"}
{"title":"KT TAPE KINESIOLOGY TAPE PRO STEALTH BEIGE","price":"HK$155.00"}
{"title":"PARIS GARDEN TOMATO - ZINC OVAL WINDOWSILL","price":"HK$149.00"}
{"title":"KT TAPE KINESIOLOGY TAPE PRO HERO PINK","price":"HK$155.00"}
{"title":"PARIS GARDEN BASIL - GARDEN CHEF","price":"HK$79.00"}
{"title":"KT TAPE KINESIOLOGY TAPE PRO WINNER GREEN","price":"HK$155.00"}
{"title":"KT TAPE KINESIOLOGY TAPE PRO BLAZE ORANGE","price":"HK$155.00"}
{"title":"KT TAPE KINESIOLOGY TAPE PRO EPIC PURPLE","price":"HK$155.00"}
{"title":"ACUSYSTEM ACUBALL","price":"HK$249.00"}
{"title":"MEDI-DYNE PROSTRETCH PLUS","price":"HK$580.00"}
{"title":"DURACELL ALKALINE AA 22S","price":"HK$43.90"}
{"title":"DURACELL ALKALINE AAA 22S","price":"HK$43.90"}
{"title":"DURACELL ALKALINE 9V","price":"HK$18.90"}
{"title":"DURACELL ALKALINE AAA 14S","price":"HK$34.90"}
{"title":"ENERGIZER MAX ALKALINE AA 18S","price":"HK$41.90"}
{"title":"ENERGIZER MAX ALKALINE AAA 18S","price":"HK$41.90"}
{"title":"ENERGIZER MAX ALKALINE 9V 1S","price":"HK$17.90"}
{"title":"ENERGIZER ADVANCED BATTERY AA 8S","price":"HK$30.90"}
{"title":"ENERGIZER MAX ALKALINE D 2S","price":"HK$23.90"}
{"title":"ENERGIZER MAX ALKALINE AA 12+2S","price":"HK$34.90"}
{"title":"ENERGIZER MAX ALKALINE C 2S","price":"HK$22.90"}
{"title":"ENERGIZER NIMH RECHARG BATT AA 4S","price":"HK$100.90"}
{"title":"ENERGIZER NIMH RECHARG BATT AAA 4S","price":"HK$86.90"}
{"title":"ENERGIZER MAX ALKALINE AAA 12+2S","price":"HK$34.90"}
{"title":"ENERGIZER MAX ALKALINE AA 8+2S","price":"HK$25.90"}
{"title":"ENERGIZER MAX ALKALINE AAA 8+2S","price":"HK$25.90"}
{"title":"ENERGIZER ADVANCED BATTERY AA 4S","price":"HK$20.90"}
{"title":"ENERGIZER 6 LED METAL TORCH","price":"HK$60.90"}
{"title":"EVEREADY SHD BLACK AAA 4S","price":"HK$8.90"}
{"title":"GP ALKALINE AA 24S","price":"HK$39.90"}
{"title":"GP ALKALINE AAA 24S","price":"HK$39.90"}
{"title":"GP ALKALINE AAA 18+2S","price":"HK$32.90"}
{"title":"GP ALKALINE AA 18+2S","price":"HK$32.90"}
{"title":"GP RECHARGE BATTERY 650MAH AAA 4S","price":"HK$56.50"}
{"title":"SELECT WHITE ENVELOPE","price":"HK$9.00"}
{"title":"SELECT A4 WRITING PAD","price":"HK$14.90"}
{"title":"SELECT SL-9358 WHITE ENVELOPE","price":"HK$6.50"}
{"title":"SELECT DOCUMENTARY ENVELOPE","price":"HK$9.00"}
{"title":"SELECT A5 WRITING PAD","price":"HK$10.50"}
{"title":"SELECT SL-9396 DOCUMENTARY ENVELOPE","price":"HK$9.00"}
{"title":"SELECT SL-3806 TRANSPARENT TAPE SET","price":"HK$14.50"}
{"title":"SELECT SL-3790 PACKING TAPE SET","price":"HK$14.90"}
{"title":"SELECT SL-2854 MASKING YAPE","price":"HK$9.90"}
{"title":"SELECT SL2557 WIRE BOOK SET 50 PAGES","price":"HK$19.50"}
{"title":"SELECT SL2830 DOUBLE SIDE TAPE SET","price":"HK$8.90"}
{"title":"SELECT SQUARE HEAD HIGHTLIGHT PEN SET","price":"HK$12.90"}
{"title":"SELECT SL-2786 8G GLUE STICK SET","price":"HK$11.90"}
{"title":"SELECT SL-2847 KRAFT PAPER TAPE","price":"HK$7.90"}
{"title":"SELECT SL2540 50PAGES WIRE BOOK SET","price":"HK$12.90"}
{"title":"SELECT SL-2755 CORRECTION TAPE SET","price":"HK$12.90"}
{"title":"SELECT SL2519 PVC ZIPPED BAG","price":"HK$10.90"}
{"title":"SELECT SL-2762 50ML GLUE SET","price":"HK$7.90"}
{"title":"SELECT PENCIL LEAD SET 0.5MM HB 20PCS","price":"HK$9.50"}
{"title":"SELECT SL-2878 SAFETY SCISSORS","price":"HK$8.50"}
{"title":"SELECT SL2663 3IN1 BALL PEN SET 0.5MM","price":"HK$9.50"}
{"title":"DOUBLE A A4 PAPER 500 SHEETS","price":"HK$37.50"}
{"title":"HEWLETT-PACKARD A4 PAPER 500 SHEETS","price":"HK$32.50"}
{"title":"PAPERONE A4 PAPER 500 SHEETS","price":"HK$32.90"}
{"title":"STATIONERY OAAY SUPER GLUE GEL","price":"HK$16.90"}
{"title":"SELECT SL-3387 0.7MM BALL PEN SET","price":"HK$13.90"}
